timecode,response_code,error,message
1672551062,429,TooManyRequestsException,Too many requests. Server count: 12
1672561562,500,RequestFailedException,Request failed
1672564766,429,TooManyRequestsException,Too many requests. Server count: 24
1672571502,429,TooManyRequestsException,Too many requests. Server count: 10
1672585660,404,NotFoundException,Page not found
1672611200,500,RequestFailedException,Request failed
1672619924,404,NotFoundException,Page not found
1672621049,429,TooManyRequestsException,Too many requests. Server count: 14
1672624075,404,NotFoundException,Page not found
1672633185,500,RequestFailedException,Request failed
1672635345,429,TooManyRequestsException,Too many requests. Server count: 23
1672665180,429,TooManyRequestsException,Too many requests. Server count: 9
1672680500,500,RequestFailedException,Request failed
1672690145,404,NotFoundException,Page not found
1672714438,500,RequestFailedException,Request failed
1672728620,429,TooManyRequestsException,Too many requests. Server count: 28
1672729114,500,RequestFailedException,Request failed
1672733241,500,RequestFailedException,Request failed
1672737547,429,TooManyRequestsException,Too many requests. Server count: 8
1672742490,500,RequestFailedException,Request failed
1672747904,500,RequestFailedException,Request failed
1672756680,404,NotFoundException,Page not found
1672756897,404,NotFoundException,Page not found
1672760336,429,TooManyRequestsException,Too many requests. Server count: 10
1672786649,429,TooManyRequestsException,Too many requests. Server count: 19
1672822335,429,TooManyRequestsException,Too many requests. Server count: 26
1672823578,500,RequestFailedException,Request failed
1672828353,404,NotFoundException,Page not found
1672847286,500,RequestFailedException,Request failed
1672847349,429,TooManyRequestsException,Too many requests. Server count: 11
1672853655,404,NotFoundException,Page not found
1672857870,404,NotFoundException,Page not found
1672869716,429,TooManyRequestsException,Too many requests. Server count: 7
1672879935,429,TooManyRequestsException,Too many requests. Server count: 10
1672901508,404,NotFoundException,Page not found
1672917935,429,TooManyRequestsException,Too many requests. Server count: 11
1672930985,404,NotFoundException,Page not found
1672931765,404,NotFoundException,Page not found
1672937021,404,NotFoundException,Page not found
1672947485,404,NotFoundException,Page not found
1672950110,429,TooManyRequestsException,Too many requests. Server count: 19
1672950454,500,RequestFailedException,Request failed
1672956968,429,TooManyRequestsException,Too many requests. Server count: 12
1672972217,500,RequestFailedException,Request failed
1672972349,404,NotFoundException,Page not found
1672975579,404,NotFoundException,Page not found
1672994817,429,TooManyRequestsException,Too many requests. Server count: 18
1673000634,500,RequestFailedException,Request failed
1673026540,429,TooManyRequestsException,Too many requests. Server count: 20
1673042159,404,NotFoundException,Page not found
1673054149,500,RequestFailedException,Request failed
1673059940,500,RequestFailedException,Request failed
1673061398,429,TooManyRequestsException,Too many requests. Server count: 5
1673077161,500,RequestFailedException,Request failed
1673092350,429,TooManyRequestsException,Too many requests. Server count: 13
1673096255,500,RequestFailedException,Request failed
1673098158,429,TooManyRequestsException,Too many requests. Server count: 22
1673100796,404,NotFoundException,Page not found
1673109151,500,RequestFailedException,Request failed
1673119540,429,TooManyRequestsException,Too many requests. Server count: 12
1673123779,404,NotFoundException,Page not found
1673131470,500,RequestFailedException,Request failed
1673136181,404,NotFoundException,Page not found
1673141858,429,TooManyRequestsException,Too many requests. Server count: 19
1673147788,404,NotFoundException,Page not found
1673151858,429,TooManyRequestsException,Too many requests. Server count: 22
1673178448,404,NotFoundException,Page not found
1673185940,404,NotFoundException,Page not found
1673189936,404,NotFoundException,Page not found
1673206145,429,TooManyRequestsException,Too many requests. Server count: 15
1673213005,500,RequestFailedException,Request failed
1673221956,429,TooManyRequestsException,Too many requests. Server count: 21
1673222972,500,RequestFailedException,Request failed
1673231920,404,NotFoundException,Page not found
1673241071,404,NotFoundException,Page not found
1673267596,500,RequestFailedException,Request failed
1673282835,404,NotFoundException,Page not found
1673290018,500,RequestFailedException,Request failed
1673297496,429,TooManyRequestsException,Too many requests. Server count: 18
1673301172,404,NotFoundException,Page not found
1673302890,429,TooManyRequestsException,Too many requests. Server count: 28
1673304382,404,NotFoundException,Page not found
1673311946,500,RequestFailedException,Request failed
1673326370,500,RequestFailedException,Request failed
1673368535,404,NotFoundException,Page not found
1673377414,500,RequestFailedException,Request failed
1673402290,429,TooManyRequestsException,Too many requests. Server count: 18
1673409624,404,NotFoundException,Page not found
1673424088,429,TooManyRequestsException,Too many requests. Server count: 18
1673425199,500,RequestFailedException,Request failed
1673440947,404,NotFoundException,Page not found
1673455575,429,TooManyRequestsException,Too many requests. Server count: 14
1673461105,500,RequestFailedException,Request failed
1673474745,429,TooManyRequestsException,Too many requests. Server count: 27
1673486074,429,TooManyRequestsException,Too many requests. Server count: 16
1673490896,429,TooManyRequestsException,Too many requests. Server count: 22
1673491134,500,RequestFailedException,Request failed
1673497492,429,TooManyRequestsException,Too many requests. Server count: 23
1673523499,429,TooManyRequestsException,Too many requests. Server count: 18
1673532138,429,TooManyRequestsException,Too many requests. Server count: 13
1673540488,429,TooManyRequestsException,Too many requests. Server count: 11
1673565577,404,NotFoundException,Page not found
1673570793,404,NotFoundException,Page not found
1673576280,500,RequestFailedException,Request failed
1673593541,404,NotFoundException,Page not found
1673597349,429,TooManyRequestsException,Too many requests. Server count: 16
1673599925,500,RequestFailedException,Request failed
1673603852,429,TooManyRequestsException,Too many requests. Server count: 8
1673606532,404,NotFoundException,Page not found
1673623077,500,RequestFailedException,Request failed
1673630915,429,TooManyRequestsException,Too many requests. Server count: 9
1673632254,500,RequestFailedException,Request failed
1673649768,404,NotFoundException,Page not found
1673659057,404,NotFoundException,Page not found
1673669824,500,RequestFailedException,Request failed
1673672172,500,RequestFailedException,Request failed
1673681991,429,TooManyRequestsException,Too many requests. Server count: 11
1673689726,429,TooManyRequestsException,Too many requests. Server count: 8
1673692098,429,TooManyRequestsException,Too many requests. Server count: 30
1673700880,429,TooManyRequestsException,Too many requests. Server count: 22
1673709473,429,TooManyRequestsException,Too many requests. Server count: 18
1673718409,429,TooManyRequestsException,Too many requests. Server count: 16
1673719600,429,TooManyRequestsException,Too many requests. Server count: 7
1673725759,500,RequestFailedException,Request failed
1673753935,429,TooManyRequestsException,Too many requests. Server count: 27
1673758314,404,NotFoundException,Page not found
1673759380,404,NotFoundException,Page not found
1673769751,404,NotFoundException,Page not found
1673774695,404,NotFoundException,Page not found
1673788741,404,NotFoundException,Page not found
1673792458,500,RequestFailedException,Request failed
1673795572,404,NotFoundException,Page not found
1673827430,500,RequestFailedException,Request failed
1673829521,500,RequestFailedException,Request failed
1673831597,404,NotFoundException,Page not found
1673835793,500,RequestFailedException,Request failed
1673839849,500,RequestFailedException,Request failed
1673857714,404,NotFoundException,Page not found
1673864721,404,NotFoundException,Page not found
1673882015,429,TooManyRequestsException,Too many requests. Server count: 7
1673920625,429,TooManyRequestsException,Too many requests. Server count: 10
1673924952,429,TooManyRequestsException,Too many requests. Server count: 25
1673925547,429,TooManyRequestsException,Too many requests. Server count: 19
1673926369,500,RequestFailedException,Request failed
1673929045,429,TooManyRequestsException,Too many requests. Server count: 14
1673941926,500,RequestFailedException,Request failed
1673945690,429,TooManyRequestsException,Too many requests. Server count: 29
1673954406,404,NotFoundException,Page not found
1673955427,429,TooManyRequestsException,Too many requests. Server count: 25
1673959455,500,RequestFailedException,Request failed
1673966389,404,NotFoundException,Page not found
1673978982,500,RequestFailedException,Request failed
1674004924,500,RequestFailedException,Request failed
1674006129,429,TooManyRequestsException,Too many requests. Server count: 26
1674012951,404,NotFoundException,Page not found
1674014338,429,TooManyRequestsException,Too many requests. Server count: 28
1674029250,500,RequestFailedException,Request failed
1674032927,404,NotFoundException,Page not found
1674076039,404,NotFoundException,Page not found
1674079748,429,TooManyRequestsException,Too many requests. Server count: 20
1674082918,500,RequestFailedException,Request failed
1674088573,500,RequestFailedException,Request failed
1674096550,429,TooManyRequestsException,Too many requests. Server count: 24
1674118486,500,RequestFailedException,Request failed
1674152968,404,NotFoundException,Page not found
1674153642,429,TooManyRequestsException,Too many requests. Server count: 19
1674209546,500,RequestFailedException,Request failed
1674211917,429,TooManyRequestsException,Too many requests. Server count: 24
1674220001,429,TooManyRequestsException,Too many requests. Server count: 5
1674228374,404,NotFoundException,Page not found
1674252207,429,TooManyRequestsException,Too many requests. Server count: 17
1674266417,500,RequestFailedException,Request failed
1674269541,429,TooManyRequestsException,Too many requests. Server count: 20
1674274377,429,TooManyRequestsException,Too many requests. Server count: 18
1674276030,404,NotFoundException,Page not found
1674278539,429,TooManyRequestsException,Too many requests. Server count: 22
1674285570,404,NotFoundException,Page not found
1674290234,500,RequestFailedException,Request failed
1674301421,404,NotFoundException,Page not found
1674315996,404,NotFoundException,Page not found
1674316984,500,RequestFailedException,Request failed
1674325769,500,RequestFailedException,Request failed
1674354868,404,NotFoundException,Page not found
1674358133,429,TooManyRequestsException,Too many requests. Server count: 17
1674367645,500,RequestFailedException,Request failed
1674370760,429,TooManyRequestsException,Too many requests. Server count: 13
1674416649,429,TooManyRequestsException,Too many requests. Server count: 8
1674417383,500,RequestFailedException,Request failed
1674427938,500,RequestFailedException,Request failed
1674450433,429,TooManyRequestsException,Too many requests. Server count: 17
1674450933,429,TooManyRequestsException,Too many requests. Server count: 10
1674457009,429,TooManyRequestsException,Too many requests. Server count: 26
1674461944,404,NotFoundException,Page not found
1674473051,404,NotFoundException,Page not found
1674512819,429,TooManyRequestsException,Too many requests. Server count: 19
1674521715,500,RequestFailedException,Request failed
1674525795,500,RequestFailedException,Request failed
1674535610,404,NotFoundException,Page not found
1674543392,429,TooManyRequestsException,Too many requests. Server count: 23
1674551994,429,TooManyRequestsException,Too many requests. Server count: 29
1674557225,500,RequestFailedException,Request failed
1674561904,404,NotFoundException,Page not found
1674588973,429,TooManyRequestsException,Too many requests. Server count: 25
1674592901,404,NotFoundException,Page not found
1674596721,404,NotFoundException,Page not found
1674597117,404,NotFoundException,Page not found
1674597962,404,NotFoundException,Page not found
1674600450,404,NotFoundException,Page not found
1674615163,429,TooManyRequestsException,Too many requests. Server count: 24
1674621781,404,NotFoundException,Page not found
1674631998,404,NotFoundException,Page not found
1674648047,429,TooManyRequestsException,Too many requests. Server count: 18
1674661992,404,NotFoundException,Page not found
1674669493,500,RequestFailedException,Request failed
1674679566,404,NotFoundException,Page not found
1674682294,500,RequestFailedException,Request failed
1674686605,404,NotFoundException,Page not found
1674700148,429,TooManyRequestsException,Too many requests. Server count: 18
1674717299,404,NotFoundException,Page not found
1674717400,404,NotFoundException,Page not found
1674726766,429,TooManyRequestsException,Too many requests. Server count: 17
1674734347,404,NotFoundException,Page not found
1674769639,500,RequestFailedException,Request failed
1674788836,500,RequestFailedException,Request failed
1674798335,429,TooManyRequestsException,Too many requests. Server count: 14
1674801787,429,TooManyRequestsException,Too many requests. Server count: 17
1674843375,429,TooManyRequestsException,Too many requests. Server count: 8
1674848570,500,RequestFailedException,Request failed
1674853080,429,TooManyRequestsException,Too many requests. Server count: 22
1674861843,500,RequestFailedException,Request failed
1674866674,404,NotFoundException,Page not found
1674905684,500,RequestFailedException,Request failed
1674933712,429,TooManyRequestsException,Too many requests. Server count: 26
1674940948,429,TooManyRequestsException,Too many requests. Server count: 23
1674954856,429,TooManyRequestsException,Too many requests. Server count: 29
1674956708,404,NotFoundException,Page not found
1674974054,500,RequestFailedException,Request failed
1674976443,429,TooManyRequestsException,Too many requests. Server count: 21
1674990258,429,TooManyRequestsException,Too many requests. Server count: 15
1674993414,500,RequestFailedException,Request failed
1675014406,429,TooManyRequestsException,Too many requests. Server count: 23
1675015760,429,TooManyRequestsException,Too many requests. Server count: 23
1675017046,404,NotFoundException,Page not found
1675019569,404,NotFoundException,Page not found
1675028068,429,TooManyRequestsException,Too many requests. Server count: 24
1675035170,404,NotFoundException,Page not found
1675048687,404,NotFoundException,Page not found
1675054684,500,RequestFailedException,Request failed
1675078150,404,NotFoundException,Page not found
1675083183,404,NotFoundException,Page not found
1675103902,429,TooManyRequestsException,Too many requests. Server count: 10
1675106812,404,NotFoundException,Page not found
1675107540,404,NotFoundException,Page not found
1675111112,429,TooManyRequestsException,Too many requests. Server count: 24
1675118751,404,NotFoundException,Page not found
1675121981,404,NotFoundException,Page not found
1675122484,500,RequestFailedException,Request failed
1675146326,404,NotFoundException,Page not found
1675151708,429,TooManyRequestsException,Too many requests. Server count: 5
1675153184,404,NotFoundException,Page not found
1675166927,404,NotFoundException,Page not found
1675172164,500,RequestFailedException,Request failed
1675180628,429,TooManyRequestsException,Too many requests. Server count: 16
1675183673,404,NotFoundException,Page not found
1675188281,500,RequestFailedException,Request failed
1675213252,500,RequestFailedException,Request failed
1675215048,404,NotFoundException,Page not found
1675245880,404,NotFoundException,Page not found
1675257579,429,TooManyRequestsException,Too many requests. Server count: 18
1675271773,404,NotFoundException,Page not found
1675281633,404,NotFoundException,Page not found
1675290987,404,NotFoundException,Page not found
1675301582,404,NotFoundException,Page not found
1675306473,404,NotFoundException,Page not found
1675320963,500,RequestFailedException,Request failed
1675326112,404,NotFoundException,Page not found
1675329705,404,NotFoundException,Page not found
1675339322,404,NotFoundException,Page not found
1675358690,500,RequestFailedException,Request failed
1675361833,404,NotFoundException,Page not found
1675386860,429,TooManyRequestsException,Too many requests. Server count: 8
1675392432,404,NotFoundException,Page not found
1675400149,429,TooManyRequestsException,Too many requests. Server count: 8
1675409674,500,RequestFailedException,Request failed
1675449845,404,NotFoundException,Page not found
1675451872,404,NotFoundException,Page not found
1675460684,404,NotFoundException,Page not found
1675463695,429,TooManyRequestsException,Too many requests. Server count: 9
1675478162,429,TooManyRequestsException,Too many requests. Server count: 30
1675479397,429,TooManyRequestsException,Too many requests. Server count: 25
1675487939,429,TooManyRequestsException,Too many requests. Server count: 29
1675490681,500,RequestFailedException,Request failed
1675506589,404,NotFoundException,Page not found
1675509186,500,RequestFailedException,Request failed
1675515089,429,TooManyRequestsException,Too many requests. Server count: 28
1675531607,429,TooManyRequestsException,Too many requests. Server count: 19
1675537941,500,RequestFailedException,Request failed
1675556553,500,RequestFailedException,Request failed
1675568838,404,NotFoundException,Page not found
1675576402,500,RequestFailedException,Request failed
1675582099,404,NotFoundException,Page not found
1675590590,429,TooManyRequestsException,Too many requests. Server count: 9
1675591619,500,RequestFailedException,Request failed
1675611214,500,RequestFailedException,Request failed
1675615476,404,NotFoundException,Page not found
1675617860,429,TooManyRequestsException,Too many requests. Server count: 16
1675637931,500,RequestFailedException,Request failed
1675638027,404,NotFoundException,Page not found
1675646501,429,TooManyRequestsException,Too many requests. Server count: 18
1675670518,429,TooManyRequestsException,Too many requests. Server count: 10
1675673914,500,RequestFailedException,Request failed
1675679175,404,NotFoundException,Page not found
1675686923,500,RequestFailedException,Request failed
1675694980,404,NotFoundException,Page not found
1675728536,404,NotFoundException,Page not found
1675746106,404,NotFoundException,Page not found
1675758281,500,RequestFailedException,Request failed
1675770744,429,TooManyRequestsException,Too many requests. Server count: 14
1675783569,404,NotFoundException,Page not found
1675789972,404,NotFoundException,Page not found
1675793567,429,TooManyRequestsException,Too many requests. Server count: 24
1675801136,500,RequestFailedException,Request failed
1675801976,404,NotFoundException,Page not found
1675804842,404,NotFoundException,Page not found
1675814335,500,RequestFailedException,Request failed
1675844666,429,TooManyRequestsException,Too many requests. Server count: 24
1675851263,429,TooManyRequestsException,Too many requests. Server count: 11
1675862131,429,TooManyRequestsException,Too many requests. Server count: 6
1675870561,404,NotFoundException,Page not found
1675871843,500,RequestFailedException,Request failed
1675878679,429,TooManyRequestsException,Too many requests. Server count: 6
1675882476,500,RequestFailedException,Request failed
1675895474,500,RequestFailedException,Request failed
1675898825,429,TooManyRequestsException,Too many requests. Server count: 5
1675899077,500,RequestFailedException,Request failed
1675903323,404,NotFoundException,Page not found
1675904163,500,RequestFailedException,Request failed
1675907463,404,NotFoundException,Page not found
1675929616,500,RequestFailedException,Request failed
1675934221,429,TooManyRequestsException,Too many requests. Server count: 22
1675948463,500,RequestFailedException,Request failed
1675956520,500,RequestFailedException,Request failed
1675969504,500,RequestFailedException,Request failed
1675980442,404,NotFoundException,Page not found
1675992865,404,NotFoundException,Page not found
1675993353,429,TooManyRequestsException,Too many requests. Server count: 21
1675998367,404,NotFoundException,Page not found
1676011938,429,TooManyRequestsException,Too many requests. Server count: 14
1676012417,429,TooManyRequestsException,Too many requests. Server count: 20
1676019650,429,TooManyRequestsException,Too many requests. Server count: 17
1676050914,429,TooManyRequestsException,Too many requests. Server count: 7
1676080740,500,RequestFailedException,Request failed
1676090358,500,RequestFailedException,Request failed
1676097157,404,NotFoundException,Page not found
1676103399,500,RequestFailedException,Request failed
1676110040,500,RequestFailedException,Request failed
1676146856,500,RequestFailedException,Request failed
1676152119,429,TooManyRequestsException,Too many requests. Server count: 21
1676157976,429,TooManyRequestsException,Too many requests. Server count: 6
1676163029,500,RequestFailedException,Request failed
1676170515,500,RequestFailedException,Request failed
1676193255,404,NotFoundException,Page not found
1676210425,429,TooManyRequestsException,Too many requests. Server count: 27
1676265449,404,NotFoundException,Page not found
1676272755,404,NotFoundException,Page not found
1676280097,404,NotFoundException,Page not found
1676302456,500,RequestFailedException,Request failed
1676318701,429,TooManyRequestsException,Too many requests. Server count: 20
1676347276,429,TooManyRequestsException,Too many requests. Server count: 30
1676357201,500,RequestFailedException,Request failed
1676359450,404,NotFoundException,Page not found
1676365081,500,RequestFailedException,Request failed
1676379282,500,RequestFailedException,Request failed
1676388169,429,TooManyRequestsException,Too many requests. Server count: 15
1676431072,500,RequestFailedException,Request failed
1676432932,404,NotFoundException,Page not found
1676434645,404,NotFoundException,Page not found
1676450083,404,NotFoundException,Page not found
1676467929,429,TooManyRequestsException,Too many requests. Server count: 5
1676470641,500,RequestFailedException,Request failed
1676483179,500,RequestFailedException,Request failed
1676492511,429,TooManyRequestsException,Too many requests. Server count: 5
1676524041,429,TooManyRequestsException,Too many requests. Server count: 16
1676547150,404,NotFoundException,Page not found
1676549351,404,NotFoundException,Page not found
1676549444,500,RequestFailedException,Request failed
1676592930,429,TooManyRequestsException,Too many requests. Server count: 29
1676597982,500,RequestFailedException,Request failed
1676599729,429,TooManyRequestsException,Too many requests. Server count: 21
1676603397,500,RequestFailedException,Request failed
1676609581,500,RequestFailedException,Request failed
1676618445,404,NotFoundException,Page not found
1676623894,500,RequestFailedException,Request failed
1676636583,404,NotFoundException,Page not found
1676643737,429,TooManyRequestsException,Too many requests. Server count: 16
1676646893,404,NotFoundException,Page not found
1676650239,404,NotFoundException,Page not found
1676658121,500,RequestFailedException,Request failed
1676694051,404,NotFoundException,Page not found
1676703808,404,NotFoundException,Page not found
1676717882,429,TooManyRequestsException,Too many requests. Server count: 18
1676718468,429,TooManyRequestsException,Too many requests. Server count: 8
1676724426,429,TooManyRequestsException,Too many requests. Server count: 27
1676727566,429,TooManyRequestsException,Too many requests. Server count: 23
1676753950,404,NotFoundException,Page not found
1676779152,429,TooManyRequestsException,Too many requests. Server count: 16
1676785015,500,RequestFailedException,Request failed
1676793612,500,RequestFailedException,Request failed
1676804874,500,RequestFailedException,Request failed
1676812336,404,NotFoundException,Page not found
1676837242,404,NotFoundException,Page not found
1676837789,500,RequestFailedException,Request failed
1676850231,429,TooManyRequestsException,Too many requests. Server count: 30
1676853119,404,NotFoundException,Page not found
1676877072,500,RequestFailedException,Request failed
1676878154,404,NotFoundException,Page not found
1676886871,404,NotFoundException,Page not found
1676918537,404,NotFoundException,Page not found
1676919484,404,NotFoundException,Page not found
1676938430,500,RequestFailedException,Request failed
1676963366,500,RequestFailedException,Request failed
1676976585,500,RequestFailedException,Request failed
1676994795,404,NotFoundException,Page not found
1676995143,500,RequestFailedException,Request failed
1677004210,404,NotFoundException,Page not found
1677009708,404,NotFoundException,Page not found
1677014323,404,NotFoundException,Page not found
1677016619,404,NotFoundException,Page not found
1677030812,500,RequestFailedException,Request failed
1677041790,404,NotFoundException,Page not found
1677042111,404,NotFoundException,Page not found
1677050221,500,RequestFailedException,Request failed
1677050339,404,NotFoundException,Page not found
1677052543,404,NotFoundException,Page not found
1677056261,404,NotFoundException,Page not found
1677060945,500,RequestFailedException,Request failed
1677070496,500,RequestFailedException,Request failed
1677074639,500,RequestFailedException,Request failed
1677081987,500,RequestFailedException,Request failed
1677091771,500,RequestFailedException,Request failed
1677097172,500,RequestFailedException,Request failed
1677107514,500,RequestFailedException,Request failed
1677116684,404,NotFoundException,Page not found
1677117134,500,RequestFailedException,Request failed
1677117291,500,RequestFailedException,Request failed
1677120084,404,NotFoundException,Page not found
1677137854,429,TooManyRequestsException,Too many requests. Server count: 27
1677139241,429,TooManyRequestsException,Too many requests. Server count: 15
1677149037,500,RequestFailedException,Request failed
1677178048,500,RequestFailedException,Request failed
1677182428,429,TooManyRequestsException,Too many requests. Server count: 13
1677190468,429,TooManyRequestsException,Too many requests. Server count: 10
1677215840,404,NotFoundException,Page not found
1677218051,500,RequestFailedException,Request failed
1677238916,429,TooManyRequestsException,Too many requests. Server count: 27
1677239483,429,TooManyRequestsException,Too many requests. Server count: 27
1677250256,404,NotFoundException,Page not found
1677250705,500,RequestFailedException,Request failed
1677262082,404,NotFoundException,Page not found
1677263594,500,RequestFailedException,Request failed
1677267668,404,NotFoundException,Page not found
1677282149,500,RequestFailedException,Request failed
1677284275,404,NotFoundException,Page not found
1677284764,404,NotFoundException,Page not found
1677288059,404,NotFoundException,Page not found
1677292040,429,TooManyRequestsException,Too many requests. Server count: 15
1677313460,500,RequestFailedException,Request failed
1677351592,429,TooManyRequestsException,Too many requests. Server count: 17
1677361124,500,RequestFailedException,Request failed
1677361170,404,NotFoundException,Page not found
1677365671,404,NotFoundException,Page not found
1677367274,500,RequestFailedException,Request failed
1677369600,429,TooManyRequestsException,Too many requests. Server count: 9
1677375469,404,NotFoundException,Page not found
1677399473,429,TooManyRequestsException,Too many requests. Server count: 24
1677409650,429,TooManyRequestsException,Too many requests. Server count: 7
1677409790,500,RequestFailedException,Request failed
1677424809,500,RequestFailedException,Request failed
1677424868,404,NotFoundException,Page not found
1677431841,429,TooManyRequestsException,Too many requests. Server count: 16
1677440544,404,NotFoundException,Page not found
1677441578,429,TooManyRequestsException,Too many requests. Server count: 22
1677445631,404,NotFoundException,Page not found
1677461055,404,NotFoundException,Page not found
1677468066,404,NotFoundException,Page not found
1677483462,404,NotFoundException,Page not found
1677500205,429,TooManyRequestsException,Too many requests. Server count: 6
1677500966,500,RequestFailedException,Request failed
1677506216,500,RequestFailedException,Request failed
1677512491,429,TooManyRequestsException,Too many requests. Server count: 19
1677516666,404,NotFoundException,Page not found
1677518943,404,NotFoundException,Page not found
1677533019,404,NotFoundException,Page not found
1677535852,429,TooManyRequestsException,Too many requests. Server count: 19
1677605799,404,NotFoundException,Page not found
1677607513,500,RequestFailedException,Request failed
1677608953,404,NotFoundException,Page not found
1677629230,429,TooManyRequestsException,Too many requests. Server count: 21
1677633693,500,RequestFailedException,Request failed
1677639298,429,TooManyRequestsException,Too many requests. Server count: 28
